83,"Hobbylos",1,"Trailer: Hobbylos – der neue Podcast mit Rezo und Julien Bam (ab 17.7.)",70
84,"Hobbylos",2,"Hobbylos: Die Geburt",3238
85,"Hobbylos",3,"Die alte Hure",2844
86,"Hobbylos",4,"Tequila Shots und Tinder Dates",3149
87,"Hobbylos",5,"Glied im Penis",4111
88,"Hobbylos",6,"Spannen Schmusen und Scheiden",3751
89,"Hobbylos",7,"Der kleine Chinese auf dem Dreirad",3367
90,"Hobbylos",8,"Fanatische Fans und Dirty Griechen",3632
91,"Hobbylos",9,"Milf Hunter GmbH",4235
92,"Hobbylos",10,"Menschen lutschen",2896
93,"Hobbylos",11,"Apropos N4z!s",3617
94,"Hobbylos",12,"Ju wurde verhaftet",3890
95,"Hobbylos",13,"Ihre Körper voller Öl",3778
96,"Hobbylos",14,"Sattel mit Pimmel gekauft",4531
97,"Hobbylos",15,"Analplugs und Stiefmütter",4184
98,"Hobbylos",16,"Mit dieser Folge machen wir uns leider strafbar",4095
99,"Hobbylos",17,"Warum ihr Hoes seid <3",3938
100,"Hobbylos",18,"Wir wollen näher an euren Müttern sein",3450
101,"Hobbylos",19,"Zerstörung der Coronaviren",4186
102,"Hobbylos",20,"Darf man sowas über Religion sagen?",3999
103,"Crime Junkies",1,"MISSING: Niqui McCown",1824
104,"Crime Junkies",2,"MURDERED: Laci Peterson Part 1",2738
105,"Crime Junkies",3,"MURDERED: Laci Peterson Part 2",1987
106,"Crime Junkies",4,"SERIAL KILLER: The West Mesa Serial Killer",2092
107,"Crime Junkies",5,"WANTED: Robert Fisher",2688
108,"Crime Junkies",6,"MURDERED: Karina Holmer",1981
109,"Crime Junkies",7,"SERIAL KILLER: Shawn Grate",2034
110,"Crime Junkies",8,"MISSING: Bryce Laspisa",1899
111,"Crime Junkies",9,"MURDERED: Amy Weidner",1887
112,"Crime Junkies",10,"WANTED: Killer on the High Bridge",3038
113,"Crime Junkies",11,"MURDERED: Tent Girl",1716
114,"Crime Junkies",12,"CONSPIRACY: Bardstown Kentucky",2935
115,"Crime Junkies",13,"UPDATE: Niqui McCown",1973
116,"Crime Junkies",14,"SERIAL KILLER: Herb Baumeister",2320
117,"Crime Junkies",15,"MISSING: Katelin Akens",1942
118,"Crime Junkies",16,"MURDERED: The Longo Family",2100
119,"Crime Junkies",17,"MISSING: Kiplyn Davis",2572
120,"Crime Junkies",18,"WANTED: Monster in Fort Wayne Indiana",3509
121,"Crime Junkies",19,"UPDATE: Monster in Fort Wayne Indiana",1982
122,"Crime Junkies",20,"ADNAN: What Serial Didn't Tell You",2490
123,"Gemischtes Hack",1,"GEMISCHTES HACK",2324
124,"Gemischtes Hack",2,"BEREICHSLEITER",2327
125,"Gemischtes Hack",3,"ALLE ASTRONAUTEN SIND ALKOHOLIKER",1731
126,"Gemischtes Hack",4,"MOTORRAD",2651
127,"Gemischtes Hack",5,"GUCCI",2823
128,"Gemischtes Hack",6,"DER RATTENVORFALL",2851
129,"Gemischtes Hack",7,"TOMMIS SEIFENMUSCHEL",3251
130,"Gemischtes Hack",8,"RUBBELSCHWEINCHEN",3656
131,"Gemischtes Hack",9,"IHR SEID SCH",3337
132,"Gemischtes Hack",10,"DEUTSCHES HACK",3120
133,"Gemischtes Hack",11,"GDM",3016
134,"Gemischtes Hack",12,"LASST EUCH",2747
135,"Gemischtes Hack",13,"DANKE",4188
136,"Gemischtes Hack",14,"DAS IST MEIN T",2969
137,"Gemischtes Hack",15,"LATE TWENS",3606
138,"Gemischtes Hack",16,"DOMINIK",3765
139,"Gemischtes Hack",17,"MITTEN IN DER NACHT",2982
140,"Gemischtes Hack",18,"DER KAFFEE BRENNT",3527
141,"Gemischtes Hack",19,"MAMBA",3319